threat, neutral
FILTHY, CURTAIN
POTATO, CLOSET
SPITE, BRUSH
RECEIPT, COLUMN
BUCKET, PHOTO
WHEEL, CRUEL
ALONE, COUNTER
DUSTPAN, BITTER
REPULSIVE, PIANO
THREAD, SQUARE
GUILTY, WALNUT
GARAGE, OVEN
SHAMPOO, BROKEN
SPONGE, LIAR
ROOF, GREED
AFRAID, MARKERS
HORRIBLE, UMBRELLA
DRAWER, VILE
LETTER, REGRET
STAMP, GLOBE
SOFA, PLASTIC
NOTEBOOK, PAVEMENT
JACKET, ABUSE
COMPANY, SANDWICH
CRAYON, PAINTING
STOVE, PORCH
LAWNMOWER, WORTHLESS
SUFFER, WALLET
TROUSERS, OFFICE
BALLOON, RIVER
JUICE, STRESS
KITCHEN, POCKET
INFERIOR, BATTERY
TREE, STREAM
FOUNTAIN, DISGRACE
LEAF, MONTH
KNOB, WRIST
SWEATER, VISCIOUS 
HATEFUL, POSTCARD
REJECT, MAILBOX
INEPT, PICTURE
STUPID, SUITCASE
ORNAMENT, NEGLECTED
FURNITURE, SHOELACE
ASHAMED, GLASSES
TOMATO, FURIOUS
TUPERWARE, INSECURE
SHEET, FEAR
BUTTON, FAILURE
SATELLITE, BICYCLE
ENRAGED, LIGHTSWITCH
COUNTRY, KNEECAP
POCKET, DESPAIR
FAUCET, PILLAR
ANNOYED, CARDBOARD
WALLPAPER, AGGRESSIVE
VIOLENT, CAMERA
TOOTHBRUSH, RUINED
APPLE, UGLY
RESENTFUL, APPLIANCE
DISORDER, COMPUTER
DISEASE, GRANITE
GARDEN, VENGEFUL
ANKLE, TAXI
PANEL, ACORN
MAGAZINE, DISGUSTED
DAMAGED, SPATULA
GROTESQUE, PANTRY
KNOB, BROOM
FORK, WASTE
THREAT, STOOL
SORROW, ENGINE
ANTENNAE, EXHAUSTED
PEBBLE, REMOTE



